YEAR,REGION,MATCHUP.KEY,GAME.KEY,SEED,TEAM,ROUND,KENPOM ADJUSTED EFFICIENCY,KENPOM ADJUSTED OFFENSE,KENPOM ADJUSTED DEFENSE,KENPOM ADJUSTED TEMPO,BARTTORVIK ADJUSTED EFFICIENCY,BARTTORVIK ADJUSTED OFFENSE,BARTTORVIK ADJUSTED DEFENSE,BARTHAG,ELITE SOS,BARTTORVIK ADJUSTED TEMPO,2PT %,3PT %,FREE THROW %,EFG %,FREE THROW RATE,3PT RATE,ASSIST %,OFFENSIVE REBOUND %,DEFENSIVE REBOUND %,BLOCK %,TURNOVER %,2PT % DEFENSE,3PT % DEFENSE,FREE THROW % DEFENSE,EFG % DEFENSE,FREE THROW RATE DEFENSE,3PT RATE DEFENSE,OP ASSIST %,OP O REB %,OP D REB %,BLOCKED %,TURNOVER % DEFENSE,WINS ABOVE BUBBLE,WIN %,POINTS PER POSSESSION OFFENSE,POINTS PER POSSESSION DEFENSE,TEAM,CHAMPION
2023,S,A,A,1,Alabama,0,26.9363,115.832,88.896,72.77,27.588,116.981,89.393,0.957,33.867,72.704,54.6,33.8,72.6,52.7,36.7,47.8,54.8,33.8,72.4,11.3,19,41.2,28.1,71.4,41.5,32.8,30.6,41.8,27.6,66.2,11.4,16,10.6,85.29411765,1.106,0.922,Alabama,0
2023,MW,A,A,1,Houston,0,29.8743,118.854,88.9798,63.3827,28.29,118.26,89.97,0.959,23.551,63.262,53.2,34.5,71.9,52.7,28.5,37.8,53.8,37.1,72.6,16.4,15.3,43.1,27.8,69,42.5,35.8,43.7,53.6,27.4,62.9,6.6,22,8.4,91.17647059,1.158,0.872,Houston,0
2023,W,A,A,1,Kansas,0,23.1345,114.703,91.5684,69.2256,21.359,113.75,92.391,0.916,38.469,69.116,52.9,34.4,71.7,52.4,29.8,34.1,59.5,28.4,71.7,10,17.5,47.2,31.2,72.3,47.1,31.2,35.1,46.2,28.3,71.6,7.3,20.2,10.5,79.41176471,1.062,0.963,Kansas,0
2023,E,A,A,1,Purdue,0,24.7732,119.951,95.1774,64.2174,25.247,119.495,94.248,0.939,29.575,64.077,54.1,32.6,74.3,52.2,37.2,38.1,60.9,38.3,76.7,9.7,17,47.4,31.4,73.6,47.2,19.3,35.4,51.5,23.3,61.7,8.6,15.4,9.2,85.29411765,1.135,0.974,Purdue,0
2023,S,D,B,2,Arizona,0,22.8757,120.078,97.2023,72.2672,23.914,120.45,96.536,0.927,28.591,72.427,56.6,38.2,70.9,56.8,36.5,38,65.3,31.1,73.8,8.3,18.4,45.9,32.8,71.4,47.2,26,38.7,49.4,26.2,68.9,9.3,16.9,7.5,82.35294118,1.134,0.981,Arizona,0
2023,E,D,B,2,Marquette,0,21.828,119.388,97.5602,68.3156,21.894,119.053,97.159,0.912,28.741,68.627,58.8,34.8,72.1,56,27.1,41.9,59.3,26.5,67.9,8.7,15.2,50,35.2,69.8,51.1,29,37.5,58.6,32.1,73.5,9.6,22.8,7.5,82.35294118,1.132,1,Marquette,0
2023,MW,D,B,2,Texas,0,24.5713,116.675,92.1042,69.0756,23.483,115.861,92.378,0.931,35.178,68.797,53.8,33.9,75.2,52.7,31.5,35,57.1,28.3,70.6,10.1,16.5,47.2,32.7,72.4,47.8,34.5,35.4,48.3,29.4,71.7,8.3,22.8,8,76.47058824,1.095,0.948,Texas,0
2023,W,D,B,2,UCLA,0,27.6504,114.976,87.3259,66.2291,25.071,113.602,88.531,0.946,28.128,66.345,50.4,34.7,72.2,50.9,27.1,29.1,50.9,33.7,72.4,11.9,15.3,46.8,31.1,69.7,46.8,27.6,39.3,51.3,27.6,66.3,6.3,23.6,8.4,85.29411765,1.098,0.896,UCLA,0
2023,S,C,C,3,Baylor,0,19.9863,121.947,101.961,66.5058,22.328,123.104,100.776,0.909,37.117,67.01,50.8,37.2,74.9,53.1,37.2,45.3,56.4,34.7,68.9,6.8,18.1,53.3,32.2,70.7,51.4,31.4,37.8,60.4,31.1,65.3,9.3,19.9,5.7,68.75,1.132,1.031,Baylor,0
2023,W,C,C,3,Gonzaga,0,24.3204,124.087,99.7671,70.0237,25.526,125.2,99.674,0.932,27.36,70.016,59,38.4,70.2,58.5,34.2,32.8,50.7,31.1,74,9,14.6,51.2,35,73.5,51.7,26.7,39.4,45.3,26,68.9,5.6,18.8,7.1,84.375,1.205,1.029,Gonzaga,0
2023,E,C,C,3,Kansas St.,0,18.3145,112.608,94.2939,70.1663,17.872,111.588,93.716,0.882,31.543,69.978,51.8,34,75,51.5,37,36.3,64,31.1,70.8,7.7,20,48.8,30.1,69.2,47.5,36.7,36.8,56,29.2,68.9,10.6,20.7,4.7,71.875,1.051,0.961,Kansas St.,0
2023,MW,C,C,3,Xavier,0,19.69,119.389,99.6988,70.312,19.483,119.185,99.702,0.886,30.165,70.436,54,39.5,71.4,55.6,30.8,31.3,63.8,31.8,74.6,7.8,17.5,48.7,35.9,72.4,50.4,27.1,34.2,54.3,25.4,68.2,9.4,16.5,5.1,73.52941176,1.129,1.027,Xavier,0
2023,W,B,D,4,Connecticut,0,25.3456,119.52,94.1749,66.6423,25.685,119.813,94.128,0.941,28.353,66.98,53.4,35.7,75.4,53.5,31.4,42,62.6,39.2,73.8,12.9,18.9,45.8,30,73.6,45.5,38.7,30.3,41,26.2,60.8,8.3,19.4,5,75.75757576,1.144,0.949,Connecticut,0
2023,MW,B,D,4,Indiana,0,17.3507,114.701,97.3498,68.093,16.194,113.595,97.401,0.854,32.03,68.139,53.2,37,71.2,53.8,30.1,26.3,54.2,28,72.1,13.5,16.9,45.7,33.2,70.5,47.3,30.6,38.2,48.1,27.9,72,7.3,16.3,3.3,66.66666667,1.092,0.996,Indiana,0
2023,E,B,D,4,Tennessee,0,24.6923,112.764,88.0712,65.4804,24.166,112.386,88.22,0.942,28.574,65.582,51,32.9,71.4,50.3,30.9,40.4,66.2,36.8,73.1,11.8,18.1,44.6,26.2,72.2,42.4,34.9,41.6,50.1,26.9,63.2,8.5,22.2,3.1,69.6969697,1.08,0.873,Tennessee,0
2023,S,B,D,4,Virginia,0,16.4435,111.28,94.8364,61.5204,15.911,110.547,94.636,0.857,23.623,61.409,50.4,35.3,70.1,51.3,34.5,36.1,65.8,25.5,75,13.5,13.7,46.5,34,74.8,48.3,26.1,39.7,52.9,25,74.5,11,19.7,4,78.125,1.083,0.962,Virginia,0
2023,E,B,E,5,Duke,0,18.4977,113.326,94.8285,65.2166,18.507,112.814,94.307,0.887,25.205,65.25,51.4,33.6,77,51.1,30.8,35.4,56.4,36.2,74.1,12,18.2,46.7,30.4,76.5,46.3,24.1,35.1,47.9,25.9,63.8,9.6,16.6,4.3,76.47058824,1.1,0.97,Duke,0
2023,MW,B,E,5,Miami FL,0,14.915,118.327,103.412,68.8077,15.664,118.356,102.692,0.837,22.369,68.754,54.9,36.8,77.6,55,30,34.6,51.6,32,71,8.8,16.4,51.8,33.6,74.5,51.3,24.1,37.7,53.2,29,68,8.4,18.1,3.4,78.125,1.147,1.042,Miami FL,0
2023,W,B,E,5,Saint Mary's,0,21.9447,113.592,91.6469,61.6979,22.574,113.173,90.599,0.928,23.702,62.075,51,36.7,69.1,52.5,31.2,37,48.3,33.1,78.2,9.9,16.4,45.6,32.8,75.2,46.7,30.3,31.8,36.6,21.8,66.9,10.1,19,3.9,78.125,1.103,0.933,Saint Mary's,0
2023,S,B,E,5,San Diego St.,0,20.2804,112.035,91.7542,65.9638,22.364,112.992,90.628,0.927,27.124,66.102,49.4,34.4,73.6,50.1,34.3,34.9,51.9,31.7,74.2,11.3,17.6,49.9,29.2,73.6,47.5,29.4,40.1,47.2,25.8,68.3,7.9,19.6,6.5,81.25,1.064,0.952,San Diego St.,0
2023,S,C,F,6,Creighton,0,20.6509,114.711,94.0602,67.9357,20.619,114.662,94.043,0.907,30.58,67.895,54.5,36,76.7,54.3,28.1,42,57.8,25.5,76.7,9.5,16.6,45.6,34.1,72.9,47.3,19.8,29.8,47.1,23.3,74.5,8.3,14.3,1.9,63.63636364,1.095,0.979,Creighton,0
2023,MW,C,F,6,Iowa St.,0,18.3337,109.976,91.6424,64.2693,18.188,109.776,91.588,0.889,36.96,64.208,50.7,33.9,67.4,50.7,27.8,33.8,54.9,33.9,73.4,11.2,19.8,49.6,33.8,71.9,50.1,40,46.8,57.5,26.6,66.1,7.7,25.1,2.6,59.375,1.031,0.946,Iowa St.,0
2023,E,C,F,6,Kentucky,0,17.7996,117.51,99.7099,65.9602,17.539,116.792,99.253,0.867,30.021,65.992,50.4,35.4,70.3,51.2,32.5,30.1,55.7,38.7,74.5,10.2,17.3,48.3,33.1,74.4,48.8,29.9,35.2,47.8,25.5,61.3,5.2,16.8,2,65.625,1.115,1.01,Kentucky,0
2023,W,C,F,6,TCU,0,18.0638,112.458,94.3943,69.7668,17.632,112.254,94.622,0.877,33.153,69.826,51.9,30.6,70.1,50.2,33.9,29.4,58.6,32.4,69.3,12.5,17.1,49.1,30.4,71.1,47.8,29.7,35,55.9,30.7,67.6,10.1,21.9,2.6,63.63636364,1.057,0.955,TCU,0
2023,E,D,G,7,Michigan St.,0,16.6987,113.468,96.7691,64.89,16.504,112.975,96.471,0.86,33.678,64.873,47.7,39.5,76.2,51.6,25.8,33.1,57.6,27.4,74.8,8.1,16.4,48.6,31.5,72.1,48.1,28.6,38.3,52.5,25.2,72.6,9.4,14.7,2.4,61.29032258,1.06,1.018,Michigan St.,0
2023,S,D,G,7,Missouri,0,13.9024,119.372,105.47,69.0569,13.877,118.486,104.609,0.807,29.021,69.332,55.9,36.1,75.8,55.1,29.5,43.3,56.5,26.8,62.7,8.4,16,51.7,35.4,75.2,52.3,35.2,44.1,57.7,37.3,73.2,6.7,24.3,4,72.72727273,1.123,1.054,Missouri,0
2023,W,D,G,7,Northwestern,0,14.8156,108.567,93.751,64.8836,15.083,108.653,93.57,0.848,27.62,64.962,46.5,32.1,75.1,47.2,29.7,41.2,55,28.3,72.7,13.5,14.8,46.6,33.9,67.7,48.4,31.6,42.4,61,27.3,71.7,10.1,21.7,1.5,65.625,1.028,0.949,Northwestern,0
2023,MW,D,G,7,Texas A&M,0,18.8303,114.782,95.9512,66.1883,20.015,115.063,95.048,0.9,27.941,66.189,49,32.8,75.9,49,45.9,33.7,52.8,36.7,69.6,7.9,18.3,47.4,32.3,70.4,47.9,35.1,45.9,59.3,30.4,63.3,11.2,21.1,4.1,73.52941176,1.088,0.983,Texas A&M,0
2023,W,A,H,8,Arkansas,0,18.6389,112.703,94.0642,69.6271,19.088,112.37,93.282,0.895,31.358,69.64,53.8,31.7,69,52,38.8,28.2,49.6,30.5,71.8,13.4,18.3,46.9,30.6,71.4,46.5,38.9,30.1,44.2,28.2,69.5,6.8,20.4,0.9,60.60606061,1.058,0.958,Arkansas,0
2023,MW,A,H,8,Iowa,0,15.5976,120.561,104.963,69.4931,15.968,120.638,104.67,0.837,29.406,69.635,52.1,34.3,73.9,51.9,32.6,37.4,58.1,32.2,72.4,8.5,14.1,52.6,36.6,74.4,53.3,23.4,32.2,50.9,27.6,67.8,8.8,18.5,0.2,59.375,1.139,1.057,Iowa,0
2023,S,A,H,8,Maryland,0,18.3612,114.182,95.8207,64.5777,16.705,113.205,96.5,0.862,27.929,64.735,52,33,73.9,51.1,33.8,37.5,46.3,30.2,72.8,9.9,16.2,47.7,32.1,72.7,47.9,27.8,31.7,48.1,27.2,69.8,9.9,18.4,0.8,63.63636364,1.086,0.975,Maryland,0
2023,E,A,H,8,Memphis,0,17.7429,114.202,96.4588,71.8377,20.242,115.551,95.309,0.902,27.671,71.537,53.1,35.6,74.7,53.2,35.9,28.8,54.6,31,67.7,13.2,18.4,47.2,30.8,73.9,46.8,34.9,42.9,55.7,32.3,69,9.6,20.9,5.1,76.47058824,1.088,0.98,Memphis,0
2023,MW,A,H,9,Auburn,0,17.4056,112.771,95.3652,67.5553,18.275,113.088,94.813,0.884,30.982,67.658,51,31.4,70.2,49.6,35.5,35.4,55,33.3,68,13.7,18.1,46.9,28.8,70.5,45.6,39.1,34.2,48.7,32,66.7,8.6,19.3,1.5,62.5,1.054,0.972,Auburn,0
2023,E,A,H,9,Florida Atlantic,0,18.2345,114.37,96.135,68.3902,16.341,112.795,96.454,0.858,14.484,68.206,54.3,37.2,71.8,55,29.5,43.8,51,30.4,75.5,6.6,16.7,44.8,32,74.9,45.9,26.7,34.2,33.4,24.5,69.6,7.2,18.3,4.3,90.625,1.129,0.943,Florida Atlantic,0
2023,W,A,H,9,Illinois,0,16.4613,112.209,95.7479,69.3548,13.855,110.068,96.213,0.824,28.704,69.723,55.3,30.9,68,51.6,33.8,41.9,46.6,32.3,73.2,14,18.2,45.3,33.6,70.2,46.9,29.6,30.9,44.7,26.8,67.7,8.1,18.6,0.6,62.5,1.065,0.955,Illinois,0
2023,S,A,H,9,West Virginia,0,19.145,117.222,98.077,68.8134,19.839,117.409,97.57,0.894,35.844,68.745,51.3,34.8,74.1,51.7,39.7,36.3,50.5,33.7,70.7,8.7,18.5,50.5,34.1,72.7,50.7,38.5,35,50.3,29.3,66.3,6.3,20.9,1.8,57.57575758,1.088,1.013,West Virginia,0
2023,W,D,G,10,Boise St.,0,17.1748,111.081,93.9061,66.4545,15.947,110.302,94.355,0.858,25.885,66.54,50.7,36,73.9,51.9,30.7,37.9,43,26.4,76.2,8.2,16.7,47.8,31,69.3,47.3,27.4,37.4,46,23.8,73.6,9.5,17.7,2.9,71.875,1.058,0.954,Boise St.,0
2023,MW,D,G,10,Penn St.,0,14.8139,117.161,102.347,64.4474,15.038,116.891,101.853,0.83,29.257,64.608,53.5,38.5,73.8,55.5,21.4,47.4,52.7,18.8,74.9,6,13.7,48.8,33.3,70.4,49.2,25.9,37.5,56.1,25.1,81.2,9.6,13.1,1.3,62.85714286,1.101,1.042,Penn St.,0
2023,E,D,G,10,USC,0,15.6478,113.22,97.5717,68.1023,14.576,112.631,98.055,0.831,26.885,68.151,51.1,34.5,74.4,51.3,33.8,33,51.7,29,67,13.7,18.1,42.4,33.4,71.9,45.2,29.8,37.4,56.3,33,71,7.8,18.1,2,68.75,1.059,0.979,USC,0
2023,S,D,G,10,Utah St.,0,18.9101,117.867,98.9571,68.7355,18.675,117.149,98.474,0.88,24.395,68.81,54.1,38.5,76.7,55.6,35.5,42.1,62.3,27.4,75.2,8.7,17.4,45.9,34.3,74.2,47.8,30.2,33.8,46.9,24.8,72.6,7.5,15.8,3.9,75.75757576,1.121,1.006,Utah St.,0
2023,W,C,F,11,Arizona St.,0,12.3775,107.689,95.3115,68.3524,11.323,106.464,95.141,0.785,28.051,68.376,47.9,31.4,68.9,47.5,30.8,39.5,56.9,29.6,68.2,13.2,16.9,43.8,33.6,70.2,46.4,33.4,39.1,53.9,31.8,70.4,8.2,20.6,1.3,64.70588235,1.006,0.968,Arizona St.,0
2023,MW,C,F,11,Mississippi St.,0,14.072,105.527,91.4546,63.7628,12.068,104.114,92.046,0.805,28.648,63.747,50.5,26.6,64.7,46.9,34.6,34.5,59.1,35.2,71,11.3,19.3,46.2,30.8,71.9,46.2,27.6,44,58.6,29,64.8,7.9,22,0.8,63.63636364,0.999,0.925,Mississippi St.,0
2023,W,C,F,11,Nevada,0,14.8171,112.143,97.3263,66.0119,12.69,110.23,97.54,0.803,25.284,66.045,50.3,33.8,79.2,50.5,39.5,37.4,58.1,22.9,74.9,9.7,15.2,49.3,32.5,73.7,49,31.4,42.2,52.9,25.1,77.1,8.5,18.7,1.4,67.74193548,1.063,0.996,Nevada,0
2023,S,C,F,11,North Carolina St.,0,13.3246,114.007,100.683,69.081,14.019,114.076,100.057,0.819,22.735,69.399,51.5,34.9,72,51.8,25.3,37.6,45,30.7,73.4,12.1,13.6,50.6,32.2,73.4,49.8,34,33.5,44.9,26.6,69.3,6.4,19.1,0.9,69.6969697,1.115,1.009,North Carolina St.,0
2023,MW,C,F,11,Pittsburgh,0,11.2466,115.197,103.95,67.2676,9.947,113.889,103.942,0.741,21.918,67.342,52.7,36,76.1,53.2,32.4,44.1,54.5,30.4,71.8,11.5,16.4,48.6,33.4,71,49.2,30.6,39.8,52.9,28.2,69.6,10.1,16.7,-0.5,66.66666667,1.117,1.034,Pittsburgh,0
2023,E,C,F,11,Providence,0,14.7186,116.93,102.212,66.8617,13.406,115.708,102.302,0.805,27.453,67.044,50.9,35.1,74.5,51.5,36.8,31.6,53.4,35.2,73.3,11.5,16.9,49.6,33.9,74.4,50,25.5,33.9,48.2,26.7,64.8,9.6,16.9,0.9,65.625,1.12,1.023,Providence,0
2023,S,B,E,12,College of Charleston,0,11.7448,111.46,99.7151,70.9126,11.5,110.302,98.802,0.78,8.739,71.15,52.9,33.3,74.3,51.5,32.7,47.4,49.1,35.1,74.5,7.8,16.7,49.1,30.3,68,47.9,24.7,32,44.8,25.5,64.9,10.9,19.3,1.8,90.90909091,1.126,0.944,College of Charleston,0
2023,MW,B,E,12,Drake,0,12.512,109.931,97.4188,66.3801,13.914,110.65,96.736,0.824,12.748,66.414,51.9,36.7,77.1,53.1,28.8,36.3,49.1,24.3,77.6,7.1,15.5,47.5,31.2,69.9,47.3,26.7,38.4,44,22.4,75.7,6.5,17.7,-0.2,78.78787879,1.084,0.945,Drake,0
2023,E,B,E,12,Oral Roberts,0,13.3031,115.416,102.113,70.45,11.989,113.53,101.541,0.783,14.178,70.514,56.6,37,78.4,56.1,24.6,45.8,47.9,24.5,72.6,13.5,13.2,46.6,34.2,71.9,48.5,22,39.9,46.2,27.4,75.5,7.8,17.6,2,86.66666667,1.165,0.988,Oral Roberts,0
2023,W,B,E,12,VCU,0,12.4382,106.597,94.1587,68.1783,12.153,106.151,93.998,0.802,15.348,68.076,52.3,34.7,69.7,52.2,41.8,32.8,53.1,29,70.2,12.7,19.5,46.2,32.3,70.3,47,30.5,34.1,51,29.8,71,9.7,24.1,1.1,79.41176471,1.044,0.919,VCU,0
2023,S,B,D,13,Furman,0,8.42041,114.279,105.858,68.4164,8.856,113.821,104.965,0.717,10.175,68.451,59.1,34.4,73.5,55.6,34.7,46.4,58.5,29.6,72.9,8.3,15.8,51.2,33.1,70.8,50.6,31.8,35.2,43.2,27.1,70.4,8.2,18.4,-1.9,77.41935484,1.155,1.025,Furman,0
2023,W,B,D,13,Iona,0,11.6678,110.93,99.2623,68.8514,11.509,109.997,98.488,0.781,9.917,68.747,50.8,36,73.1,51.8,29,32.1,53.4,32,69.5,14.8,15.3,47,29.2,70.2,45.9,31.2,34.5,50.6,30.5,68,6.5,20.9,-1.5,79.41176471,1.105,0.941,Iona,0
2023,MW,B,D,13,Kent St.,0,11.9326,108.464,96.5315,68.0057,10.498,107.75,97.252,0.765,15.057,68.09,52.2,33.2,72.3,51.3,32,38.6,45,30.9,69.8,12.5,16.3,47.8,30.9,72.4,47.2,38.8,40.7,50.8,30.2,69.1,7.4,22.6,1.1,81.25,1.088,0.953,Kent St.,0
2023,E,B,D,13,Louisiana Lafayette,0,8.2045,112.336,104.131,68.3637,9.588,112.434,102.846,0.736,14.542,68.482,52.2,36.6,67.2,53,37.7,31.7,50.8,33.8,73.6,7.3,17.5,49.2,35.9,70.5,50.6,33.8,29.9,42.5,26.4,66.2,8.2,18.1,-0.3,76.66666667,1.096,1.023,Louisiana Lafayette,0
2023,W,C,C,14,Grand Canyon,0,6.01091,112.417,106.406,65.1094,5.09,111.968,106.878,0.631,14.784,65.034,50.5,37.6,71.5,52.9,37.8,40.8,47.1,30.5,69.7,8,18.4,46.8,32,70,47.2,33.2,32.8,43.1,30.3,69.5,8.1,15,-3.5,65.625,1.088,1.033,Grand Canyon,0
2023,MW,C,C,14,Kennesaw St.,0,3.61223,106.391,102.778,68.4905,4.98,106.394,101.414,0.634,14.553,68.565,51.3,37.1,66.3,52.9,36.5,37.9,54.2,27.5,74.2,7.8,17.9,50.5,34.8,69.2,51.2,36.2,39.3,47,25.8,72.5,8.4,19.6,-1.2,74.19354839,1.054,1.012,Kennesaw St.,0
2023,E,C,C,14,Montana St.,0,5.77355,105.464,99.6908,66.4238,7.189,105.589,98.4,0.692,12.941,66.405,52.4,32,76.3,50.9,44.4,33.3,49.6,25.7,74.5,8.7,17.6,48,34.8,74,49.4,35.5,34.2,39.1,25.5,74.3,5.5,20.1,-2.6,71.875,1.051,0.991,Montana St.,0
2023,S,C,C,14,UC Santa Barbara,0,6.66257,111.437,104.774,64.9114,4.867,110.981,106.114,0.626,11.021,64.677,54.8,35.1,73.7,54.2,34.9,29.1,52.9,26.6,73.9,6.6,16.8,48.9,34.5,75.2,49.8,29.2,31.1,48.5,26.1,73.4,6.1,18.7,-1.1,78.125,1.096,1.004,UC Santa Barbara,0
2023,MW,D,B,15,Colgate,0,5.25477,113.031,107.776,67.8358,6.338,112.543,106.205,0.661,8.427,67.756,57.1,40.9,66.2,58.6,27.6,34.8,61.5,24.9,75.9,7.7,14.9,51.5,34.9,68.6,51.9,20.3,36.9,53.7,24.1,75.1,8.3,17.6,-3.5,75.75757576,1.15,1.019,Colgate,0
2023,S,D,B,15,Princeton,0,4.84214,108.582,103.74,67.5584,5.815,108.831,103.016,0.653,10.934,67.486,53.5,34,71.3,52.5,32.2,40.7,47.9,28.4,77.2,8.2,16.9,47.2,33.1,68.9,48,29.3,32.6,43.3,22.8,71.6,9.8,14.5,-3.1,70.37037037,1.081,0.994,Princeton,0
2023,W,D,B,15,UNC Asheville,0,1.51853,104.248,102.73,68.4549,-0.433,102.628,103.061,0.488,10.577,68.449,51.4,38.8,69.3,53.9,41.3,37.2,50.1,25.8,71.3,10.2,20,49.1,30.5,71.8,48,26.8,34,45.2,28.7,74.2,11.2,17.9,-1.7,78.125,1.047,0.994,UNC Asheville,0
2023,E,D,B,15,Vermont,0,5.42715,109.881,104.454,64.5559,7.58,110.349,102.769,0.694,13.059,64.732,55.5,36.2,70.3,54.9,28.4,43.3,52.1,19.3,77.5,8.3,14.2,50,34.6,72.4,50.7,26.9,36.1,44.8,22.5,80.7,8.5,16.8,-3.7,68.75,1.09,1.007,Vermont,0
2023,E,A,A,16,Fairleigh Dickinson,0,-12.2646,106.257,118.522,68.72,-12.653,105.909,118.562,0.215,5.149,68.787,51.4,34.4,74.9,51.5,27.9,37,51.5,31.4,71.1,5.7,16.3,56.1,36.9,75.6,55.8,34.8,40.1,56.4,28.9,68.6,10,21.4,-12.2,53.125,1.088,1.084,Fairleigh Dickinson,0
2023,W,A,A,16,Howard,0,-3.21144,103.808,107.019,68.9135,-3.374,103.199,106.573,0.409,9.954,68.975,49.9,37.2,71.6,52,32.8,36.1,54.7,33.8,68.4,8.2,22.8,50.8,33.6,69.2,50.6,34.6,37.1,46.9,31.6,66.2,8.7,20.7,-7.2,61.29032258,1.033,1.018,Howard,0
2023,MW,A,A,16,Northern Kentucky,0,0.52915,103.434,102.905,61.9981,0.793,103.114,102.321,0.522,10.774,61.916,47.7,35.2,70.4,49.8,27.4,40.7,54.7,31.3,67.2,8.2,17.5,48.9,36.7,70.2,51.3,30.8,38.9,60.3,32.8,68.7,7.3,23.2,-6.5,62.5,1.044,1.005,Northern Kentucky,0
2023,S,A,A,16,Southeast Missouri St.,0,-7.21211,101.029,108.241,72.5024,-7.989,100.349,108.338,0.293,8.871,72.211,50,33.3,71.8,50,38.3,39.8,51.1,25.3,72.1,8.5,17.3,50.8,35.3,69,51.6,43.6,35.5,50.7,27.9,74.7,7.7,19,-11.4,51.51515152,1.028,1.034,Southeast Missouri St.,0
2023,S,A,A,16,Texas A&M Corpus Chris,0,-0.2012,107.47,107.671,69.2125,-1.386,106.067,107.453,0.463,9.693,69.214,49,36.9,80,51.2,34.4,34.9,55.8,32.5,72.1,4.5,18,54.1,33.3,69.1,52.4,38.6,41.1,55.8,27.9,67.5,8.6,20.9,-5.9,65.51724138,1.098,1.023,Texas A&M Corpus Chris,0
2023,E,A,A,16,Texas Southern,0,-9.68316,96.6102,106.293,69.3116,-8.896,96.382,105.278,0.266,14.99,69.374,47.4,28.7,66,46.2,34.9,28.1,44.3,29.3,72.3,8.1,20.3,48.7,33.6,70.9,49.3,38.1,34.9,47.2,27.7,70.7,8.1,18.5,-13.3,37.5,0.939,1.008,Texas Southern,0